email,password,name
perf_user_0001@eshop.local,Password123!,Perf User 0001
perf_user_0002@eshop.local,Password123!,Perf User 0002
perf_user_0003@eshop.local,Password123!,Perf User 0003
perf_user_0004@eshop.local,Password123!,Perf User 0004
perf_user_0005@eshop.local,Password123!,Perf User 0005
perf_user_0006@eshop.local,Password123!,Perf User 0006
perf_user_0007@eshop.local,Password123!,Perf User 0007
perf_user_0008@eshop.local,Password123!,Perf User 0008
perf_user_0009@eshop.local,Password123!,Perf User 0009
perf_user_0010@eshop.local,Password123!,Perf User 0010
perf_user_0011@eshop.local,Password123!,Perf User 0011
perf_user_0012@eshop.local,Password123!,Perf User 0012
perf_user_0013@eshop.local,Password123!,Perf User 0013
perf_user_0014@eshop.local,Password123!,Perf User 0014
perf_user_0015@eshop.local,Password123!,Perf User 0015
perf_user_0016@eshop.local,Password123!,Perf User 0016
perf_user_0017@eshop.local,Password123!,Perf User 0017
perf_user_0018@eshop.local,Password123!,Perf User 0018
perf_user_0019@eshop.local,Password123!,Perf User 0019
perf_user_0020@eshop.local,Password123!,Perf User 0020
perf_user_0021@eshop.local,Password123!,Perf User 0021
perf_user_0022@eshop.local,Password123!,Perf User 0022
perf_user_0023@eshop.local,Password123!,Perf User 0023
perf_user_0024@eshop.local,Password123!,Perf User 0024
perf_user_0025@eshop.local,Password123!,Perf User 0025
perf_user_0026@eshop.local,Password123!,Perf User 0026
perf_user_0027@eshop.local,Password123!,Perf User 0027
perf_user_0028@eshop.local,Password123!,Perf User 0028
perf_user_0029@eshop.local,Password123!,Perf User 0029
perf_user_0030@eshop.local,Password123!,Perf User 0030
perf_user_0031@eshop.local,Password123!,Perf User 0031
perf_user_0032@eshop.local,Password123!,Perf User 0032
perf_user_0033@eshop.local,Password123!,Perf User 0033
perf_user_0034@eshop.local,Password123!,Perf User 0034
perf_user_0035@eshop.local,Password123!,Perf User 0035
perf_user_0036@eshop.local,Password123!,Perf User 0036
perf_user_0037@eshop.local,Password123!,Perf User 0037
perf_user_0038@eshop.local,Password123!,Perf User 0038
perf_user_0039@eshop.local,Password123!,Perf User 0039
perf_user_0040@eshop.local,Password123!,Perf User 0040
perf_user_0041@eshop.local,Password123!,Perf User 0041
perf_user_0042@eshop.local,Password123!,Perf User 0042
perf_user_0043@eshop.local,Password123!,Perf User 0043
perf_user_0044@eshop.local,Password123!,Perf User 0044
perf_user_0045@eshop.local,Password123!,Perf User 0045
perf_user_0046@eshop.local,Password123!,Perf User 0046
perf_user_0047@eshop.local,Password123!,Perf User 0047
perf_user_0048@eshop.local,Password123!,Perf User 0048
perf_user_0049@eshop.local,Password123!,Perf User 0049
perf_user_0050@eshop.local,Password123!,Perf User 0050
perf_user_0051@eshop.local,Password123!,Perf User 0051
perf_user_0052@eshop.local,Password123!,Perf User 0052
perf_user_0053@eshop.local,Password123!,Perf User 0053
perf_user_0054@eshop.local,Password123!,Perf User 0054
perf_user_0055@eshop.local,Password123!,Perf User 0055
perf_user_0056@eshop.local,Password123!,Perf User 0056
perf_user_0057@eshop.local,Password123!,Perf User 0057
perf_user_0058@eshop.local,Password123!,Perf User 0058
perf_user_0059@eshop.local,Password123!,Perf User 0059
perf_user_0060@eshop.local,Password123!,Perf User 0060
perf_user_0061@eshop.local,Password123!,Perf User 0061
perf_user_0062@eshop.local,Password123!,Perf User 0062
perf_user_0063@eshop.local,Password123!,Perf User 0063
perf_user_0064@eshop.local,Password123!,Perf User 0064
perf_user_0065@eshop.local,Password123!,Perf User 0065
perf_user_0066@eshop.local,Password123!,Perf User 0066
perf_user_0067@eshop.local,Password123!,Perf User 0067
perf_user_0068@eshop.local,Password123!,Perf User 0068
perf_user_0069@eshop.local,Password123!,Perf User 0069
perf_user_0070@eshop.local,Password123!,Perf User 0070
perf_user_0071@eshop.local,Password123!,Perf User 0071
perf_user_0072@eshop.local,Password123!,Perf User 0072
perf_user_0073@eshop.local,Password123!,Perf User 0073
perf_user_0074@eshop.local,Password123!,Perf User 0074
perf_user_0075@eshop.local,Password123!,Perf User 0075
perf_user_0076@eshop.local,Password123!,Perf User 0076
perf_user_0077@eshop.local,Password123!,Perf User 0077
perf_user_0078@eshop.local,Password123!,Perf User 0078
perf_user_0079@eshop.local,Password123!,Perf User 0079
perf_user_0080@eshop.local,Password123!,Perf User 0080
perf_user_0081@eshop.local,Password123!,Perf User 0081
perf_user_0082@eshop.local,Password123!,Perf User 0082
perf_user_0083@eshop.local,Password123!,Perf User 0083
perf_user_0084@eshop.local,Password123!,Perf User 0084
perf_user_0085@eshop.local,Password123!,Perf User 0085
perf_user_0086@eshop.local,Password123!,Perf User 0086
perf_user_0087@eshop.local,Password123!,Perf User 0087
perf_user_0088@eshop.local,Password123!,Perf User 0088
perf_user_0089@eshop.local,Password123!,Perf User 0089
perf_user_0090@eshop.local,Password123!,Perf User 0090
perf_user_0091@eshop.local,Password123!,Perf User 0091
perf_user_0092@eshop.local,Password123!,Perf User 0092
perf_user_0093@eshop.local,Password123!,Perf User 0093
perf_user_0094@eshop.local,Password123!,Perf User 0094
perf_user_0095@eshop.local,Password123!,Perf User 0095
perf_user_0096@eshop.local,Password123!,Perf User 0096
perf_user_0097@eshop.local,Password123!,Perf User 0097
perf_user_0098@eshop.local,Password123!,Perf User 0098
perf_user_0099@eshop.local,Password123!,Perf User 0099
perf_user_0100@eshop.local,Password123!,Perf User 0100
perf_user_0101@eshop.local,Password123!,Perf User 0101
perf_user_0102@eshop.local,Password123!,Perf User 0102
perf_user_0103@eshop.local,Password123!,Perf User 0103
perf_user_0104@eshop.local,Password123!,Perf User 0104
perf_user_0105@eshop.local,Password123!,Perf User 0105
perf_user_0106@eshop.local,Password123!,Perf User 0106
perf_user_0107@eshop.local,Password123!,Perf User 0107
perf_user_0108@eshop.local,Password123!,Perf User 0108
perf_user_0109@eshop.local,Password123!,Perf User 0109
perf_user_0110@eshop.local,Password123!,Perf User 0110
perf_user_0111@eshop.local,Password123!,Perf User 0111
perf_user_0112@eshop.local,Password123!,Perf User 0112
perf_user_0113@eshop.local,Password123!,Perf User 0113
perf_user_0114@eshop.local,Password123!,Perf User 0114
perf_user_0115@eshop.local,Password123!,Perf User 0115
perf_user_0116@eshop.local,Password123!,Perf User 0116
perf_user_0117@eshop.local,Password123!,Perf User 0117
perf_user_0118@eshop.local,Password123!,Perf User 0118
perf_user_0119@eshop.local,Password123!,Perf User 0119
perf_user_0120@eshop.local,Password123!,Perf User 0120
perf_user_0121@eshop.local,Password123!,Perf User 0121
perf_user_0122@eshop.local,Password123!,Perf User 0122
perf_user_0123@eshop.local,Password123!,Perf User 0123
perf_user_0124@eshop.local,Password123!,Perf User 0124
perf_user_0125@eshop.local,Password123!,Perf User 0125
perf_user_0126@eshop.local,Password123!,Perf User 0126
perf_user_0127@eshop.local,Password123!,Perf User 0127
perf_user_0128@eshop.local,Password123!,Perf User 0128
perf_user_0129@eshop.local,Password123!,Perf User 0129
perf_user_0130@eshop.local,Password123!,Perf User 0130
perf_user_0131@eshop.local,Password123!,Perf User 0131
perf_user_0132@eshop.local,Password123!,Perf User 0132
perf_user_0133@eshop.local,Password123!,Perf User 0133
perf_user_0134@eshop.local,Password123!,Perf User 0134
perf_user_0135@eshop.local,Password123!,Perf User 0135
perf_user_0136@eshop.local,Password123!,Perf User 0136
perf_user_0137@eshop.local,Password123!,Perf User 0137
perf_user_0138@eshop.local,Password123!,Perf User 0138
perf_user_0139@eshop.local,Password123!,Perf User 0139
perf_user_0140@eshop.local,Password123!,Perf User 0140
perf_user_0141@eshop.local,Password123!,Perf User 0141
perf_user_0142@eshop.local,Password123!,Perf User 0142
perf_user_0143@eshop.local,Password123!,Perf User 0143
perf_user_0144@eshop.local,Password123!,Perf User 0144
perf_user_0145@eshop.local,Password123!,Perf User 0145
perf_user_0146@eshop.local,Password123!,Perf User 0146
perf_user_0147@eshop.local,Password123!,Perf User 0147
perf_user_0148@eshop.local,Password123!,Perf User 0148
perf_user_0149@eshop.local,Password123!,Perf User 0149
perf_user_0150@eshop.local,Password123!,Perf User 0150
perf_user_0151@eshop.local,Password123!,Perf User 0151
perf_user_0152@eshop.local,Password123!,Perf User 0152
perf_user_0153@eshop.local,Password123!,Perf User 0153
perf_user_0154@eshop.local,Password123!,Perf User 0154
perf_user_0155@eshop.local,Password123!,Perf User 0155
perf_user_0156@eshop.local,Password123!,Perf User 0156
perf_user_0157@eshop.local,Password123!,Perf User 0157
perf_user_0158@eshop.local,Password123!,Perf User 0158
perf_user_0159@eshop.local,Password123!,Perf User 0159
perf_user_0160@eshop.local,Password123!,Perf User 0160
perf_user_0161@eshop.local,Password123!,Perf User 0161
perf_user_0162@eshop.local,Password123!,Perf User 0162
perf_user_0163@eshop.local,Password123!,Perf User 0163
perf_user_0164@eshop.local,Password123!,Perf User 0164
perf_user_0165@eshop.local,Password123!,Perf User 0165
perf_user_0166@eshop.local,Password123!,Perf User 0166
perf_user_0167@eshop.local,Password123!,Perf User 0167
perf_user_0168@eshop.local,Password123!,Perf User 0168
perf_user_0169@eshop.local,Password123!,Perf User 0169
perf_user_0170@eshop.local,Password123!,Perf User 0170
perf_user_0171@eshop.local,Password123!,Perf User 0171
perf_user_0172@eshop.local,Password123!,Perf User 0172
perf_user_0173@eshop.local,Password123!,Perf User 0173
perf_user_0174@eshop.local,Password123!,Perf User 0174
perf_user_0175@eshop.local,Password123!,Perf User 0175
perf_user_0176@eshop.local,Password123!,Perf User 0176
perf_user_0177@eshop.local,Password123!,Perf User 0177
perf_user_0178@eshop.local,Password123!,Perf User 0178
perf_user_0179@eshop.local,Password123!,Perf User 0179
perf_user_0180@eshop.local,Password123!,Perf User 0180
perf_user_0181@eshop.local,Password123!,Perf User 0181
perf_user_0182@eshop.local,Password123!,Perf User 0182
perf_user_0183@eshop.local,Password123!,Perf User 0183
perf_user_0184@eshop.local,Password123!,Perf User 0184
perf_user_0185@eshop.local,Password123!,Perf User 0185
perf_user_0186@eshop.local,Password123!,Perf User 0186
perf_user_0187@eshop.local,Password123!,Perf User 0187
perf_user_0188@eshop.local,Password123!,Perf User 0188
perf_user_0189@eshop.local,Password123!,Perf User 0189
perf_user_0190@eshop.local,Password123!,Perf User 0190
perf_user_0191@eshop.local,Password123!,Perf User 0191
perf_user_0192@eshop.local,Password123!,Perf User 0192
perf_user_0193@eshop.local,Password123!,Perf User 0193
perf_user_0194@eshop.local,Password123!,Perf User 0194
perf_user_0195@eshop.local,Password123!,Perf User 0195
perf_user_0196@eshop.local,Password123!,Perf User 0196
perf_user_0197@eshop.local,Password123!,Perf User 0197
perf_user_0198@eshop.local,Password123!,Perf User 0198
perf_user_0199@eshop.local,Password123!,Perf User 0199
perf_user_0200@eshop.local,Password123!,Perf User 0200
perf_user_0201@eshop.local,Password123!,Perf User 0201
perf_user_0202@eshop.local,Password123!,Perf User 0202
perf_user_0203@eshop.local,Password123!,Perf User 0203
perf_user_0204@eshop.local,Password123!,Perf User 0204
perf_user_0205@eshop.local,Password123!,Perf User 0205
perf_user_0206@eshop.local,Password123!,Perf User 0206
perf_user_0207@eshop.local,Password123!,Perf User 0207
perf_user_0208@eshop.local,Password123!,Perf User 0208
perf_user_0209@eshop.local,Password123!,Perf User 0209
perf_user_0210@eshop.local,Password123!,Perf User 0210
perf_user_0211@eshop.local,Password123!,Perf User 0211
perf_user_0212@eshop.local,Password123!,Perf User 0212
perf_user_0213@eshop.local,Password123!,Perf User 0213
perf_user_0214@eshop.local,Password123!,Perf User 0214
perf_user_0215@eshop.local,Password123!,Perf User 0215
perf_user_0216@eshop.local,Password123!,Perf User 0216
perf_user_0217@eshop.local,Password123!,Perf User 0217
perf_user_0218@eshop.local,Password123!,Perf User 0218
perf_user_0219@eshop.local,Password123!,Perf User 0219
perf_user_0220@eshop.local,Password123!,Perf User 0220
perf_user_0221@eshop.local,Password123!,Perf User 0221
perf_user_0222@eshop.local,Password123!,Perf User 0222
perf_user_0223@eshop.local,Password123!,Perf User 0223
perf_user_0224@eshop.local,Password123!,Perf User 0224
perf_user_0225@eshop.local,Password123!,Perf User 0225
perf_user_0226@eshop.local,Password123!,Perf User 0226
perf_user_0227@eshop.local,Password123!,Perf User 0227
perf_user_0228@eshop.local,Password123!,Perf User 0228
perf_user_0229@eshop.local,Password123!,Perf User 0229
perf_user_0230@eshop.local,Password123!,Perf User 0230
perf_user_0231@eshop.local,Password123!,Perf User 0231
perf_user_0232@eshop.local,Password123!,Perf User 0232
perf_user_0233@eshop.local,Password123!,Perf User 0233
perf_user_0234@eshop.local,Password123!,Perf User 0234
perf_user_0235@eshop.local,Password123!,Perf User 0235
perf_user_0236@eshop.local,Password123!,Perf User 0236
perf_user_0237@eshop.local,Password123!,Perf User 0237
perf_user_0238@eshop.local,Password123!,Perf User 0238
perf_user_0239@eshop.local,Password123!,Perf User 0239
perf_user_0240@eshop.local,Password123!,Perf User 0240
perf_user_0241@eshop.local,Password123!,Perf User 0241
perf_user_0242@eshop.local,Password123!,Perf User 0242
perf_user_0243@eshop.local,Password123!,Perf User 0243
perf_user_0244@eshop.local,Password123!,Perf User 0244
perf_user_0245@eshop.local,Password123!,Perf User 0245
perf_user_0246@eshop.local,Password123!,Perf User 0246
perf_user_0247@eshop.local,Password123!,Perf User 0247
perf_user_0248@eshop.local,Password123!,Perf User 0248
perf_user_0249@eshop.local,Password123!,Perf User 0249
perf_user_0250@eshop.local,Password123!,Perf User 0250
perf_user_0251@eshop.local,Password123!,Perf User 0251
perf_user_0252@eshop.local,Password123!,Perf User 0252
perf_user_0253@eshop.local,Password123!,Perf User 0253
perf_user_0254@eshop.local,Password123!,Perf User 0254
perf_user_0255@eshop.local,Password123!,Perf User 0255
perf_user_0256@eshop.local,Password123!,Perf User 0256
perf_user_0257@eshop.local,Password123!,Perf User 0257
perf_user_0258@eshop.local,Password123!,Perf User 0258
perf_user_0259@eshop.local,Password123!,Perf User 0259
perf_user_0260@eshop.local,Password123!,Perf User 0260
perf_user_0261@eshop.local,Password123!,Perf User 0261
perf_user_0262@eshop.local,Password123!,Perf User 0262
perf_user_0263@eshop.local,Password123!,Perf User 0263
perf_user_0264@eshop.local,Password123!,Perf User 0264
perf_user_0265@eshop.local,Password123!,Perf User 0265
perf_user_0266@eshop.local,Password123!,Perf User 0266
perf_user_0267@eshop.local,Password123!,Perf User 0267
perf_user_0268@eshop.local,Password123!,Perf User 0268
perf_user_0269@eshop.local,Password123!,Perf User 0269
perf_user_0270@eshop.local,Password123!,Perf User 0270
perf_user_0271@eshop.local,Password123!,Perf User 0271
perf_user_0272@eshop.local,Password123!,Perf User 0272
perf_user_0273@eshop.local,Password123!,Perf User 0273
perf_user_0274@eshop.local,Password123!,Perf User 0274
perf_user_0275@eshop.local,Password123!,Perf User 0275
perf_user_0276@eshop.local,Password123!,Perf User 0276
perf_user_0277@eshop.local,Password123!,Perf User 0277
perf_user_0278@eshop.local,Password123!,Perf User 0278
perf_user_0279@eshop.local,Password123!,Perf User 0279
perf_user_0280@eshop.local,Password123!,Perf User 0280
perf_user_0281@eshop.local,Password123!,Perf User 0281
perf_user_0282@eshop.local,Password123!,Perf User 0282
perf_user_0283@eshop.local,Password123!,Perf User 0283
perf_user_0284@eshop.local,Password123!,Perf User 0284
perf_user_0285@eshop.local,Password123!,Perf User 0285
perf_user_0286@eshop.local,Password123!,Perf User 0286
perf_user_0287@eshop.local,Password123!,Perf User 0287
perf_user_0288@eshop.local,Password123!,Perf User 0288
perf_user_0289@eshop.local,Password123!,Perf User 0289
perf_user_0290@eshop.local,Password123!,Perf User 0290
perf_user_0291@eshop.local,Password123!,Perf User 0291
perf_user_0292@eshop.local,Password123!,Perf User 0292
perf_user_0293@eshop.local,Password123!,Perf User 0293
perf_user_0294@eshop.local,Password123!,Perf User 0294
perf_user_0295@eshop.local,Password123!,Perf User 0295
perf_user_0296@eshop.local,Password123!,Perf User 0296
perf_user_0297@eshop.local,Password123!,Perf User 0297
perf_user_0298@eshop.local,Password123!,Perf User 0298
perf_user_0299@eshop.local,Password123!,Perf User 0299
perf_user_0300@eshop.local,Password123!,Perf User 0300
perf_user_0301@eshop.local,Password123!,Perf User 0301
perf_user_0302@eshop.local,Password123!,Perf User 0302
perf_user_0303@eshop.local,Password123!,Perf User 0303
perf_user_0304@eshop.local,Password123!,Perf User 0304
perf_user_0305@eshop.local,Password123!,Perf User 0305
perf_user_0306@eshop.local,Password123!,Perf User 0306
perf_user_0307@eshop.local,Password123!,Perf User 0307
perf_user_0308@eshop.local,Password123!,Perf User 0308
perf_user_0309@eshop.local,Password123!,Perf User 0309
perf_user_0310@eshop.local,Password123!,Perf User 0310
perf_user_0311@eshop.local,Password123!,Perf User 0311
perf_user_0312@eshop.local,Password123!,Perf User 0312
perf_user_0313@eshop.local,Password123!,Perf User 0313
perf_user_0314@eshop.local,Password123!,Perf User 0314
perf_user_0315@eshop.local,Password123!,Perf User 0315
perf_user_0316@eshop.local,Password123!,Perf User 0316
perf_user_0317@eshop.local,Password123!,Perf User 0317
perf_user_0318@eshop.local,Password123!,Perf User 0318
perf_user_0319@eshop.local,Password123!,Perf User 0319
perf_user_0320@eshop.local,Password123!,Perf User 0320
perf_user_0321@eshop.local,Password123!,Perf User 0321
perf_user_0322@eshop.local,Password123!,Perf User 0322
perf_user_0323@eshop.local,Password123!,Perf User 0323
perf_user_0324@eshop.local,Password123!,Perf User 0324
perf_user_0325@eshop.local,Password123!,Perf User 0325
perf_user_0326@eshop.local,Password123!,Perf User 0326
perf_user_0327@eshop.local,Password123!,Perf User 0327
perf_user_0328@eshop.local,Password123!,Perf User 0328
perf_user_0329@eshop.local,Password123!,Perf User 0329
perf_user_0330@eshop.local,Password123!,Perf User 0330
perf_user_0331@eshop.local,Password123!,Perf User 0331
perf_user_0332@eshop.local,Password123!,Perf User 0332
perf_user_0333@eshop.local,Password123!,Perf User 0333
perf_user_0334@eshop.local,Password123!,Perf User 0334
perf_user_0335@eshop.local,Password123!,Perf User 0335
perf_user_0336@eshop.local,Password123!,Perf User 0336
perf_user_0337@eshop.local,Password123!,Perf User 0337
perf_user_0338@eshop.local,Password123!,Perf User 0338
perf_user_0339@eshop.local,Password123!,Perf User 0339
perf_user_0340@eshop.local,Password123!,Perf User 0340
perf_user_0341@eshop.local,Password123!,Perf User 0341
perf_user_0342@eshop.local,Password123!,Perf User 0342
perf_user_0343@eshop.local,Password123!,Perf User 0343
perf_user_0344@eshop.local,Password123!,Perf User 0344
perf_user_0345@eshop.local,Password123!,Perf User 0345
perf_user_0346@eshop.local,Password123!,Perf User 0346
perf_user_0347@eshop.local,Password123!,Perf User 0347
perf_user_0348@eshop.local,Password123!,Perf User 0348
perf_user_0349@eshop.local,Password123!,Perf User 0349
perf_user_0350@eshop.local,Password123!,Perf User 0350
perf_user_0351@eshop.local,Password123!,Perf User 0351
perf_user_0352@eshop.local,Password123!,Perf User 0352
perf_user_0353@eshop.local,Password123!,Perf User 0353
perf_user_0354@eshop.local,Password123!,Perf User 0354
perf_user_0355@eshop.local,Password123!,Perf User 0355
perf_user_0356@eshop.local,Password123!,Perf User 0356
perf_user_0357@eshop.local,Password123!,Perf User 0357
perf_user_0358@eshop.local,Password123!,Perf User 0358
perf_user_0359@eshop.local,Password123!,Perf User 0359
perf_user_0360@eshop.local,Password123!,Perf User 0360
perf_user_0361@eshop.local,Password123!,Perf User 0361
perf_user_0362@eshop.local,Password123!,Perf User 0362
perf_user_0363@eshop.local,Password123!,Perf User 0363
perf_user_0364@eshop.local,Password123!,Perf User 0364
perf_user_0365@eshop.local,Password123!,Perf User 0365
perf_user_0366@eshop.local,Password123!,Perf User 0366
perf_user_0367@eshop.local,Password123!,Perf User 0367
perf_user_0368@eshop.local,Password123!,Perf User 0368
perf_user_0369@eshop.local,Password123!,Perf User 0369
perf_user_0370@eshop.local,Password123!,Perf User 0370
perf_user_0371@eshop.local,Password123!,Perf User 0371
perf_user_0372@eshop.local,Password123!,Perf User 0372
perf_user_0373@eshop.local,Password123!,Perf User 0373
perf_user_0374@eshop.local,Password123!,Perf User 0374
perf_user_0375@eshop.local,Password123!,Perf User 0375
perf_user_0376@eshop.local,Password123!,Perf User 0376
perf_user_0377@eshop.local,Password123!,Perf User 0377
perf_user_0378@eshop.local,Password123!,Perf User 0378
perf_user_0379@eshop.local,Password123!,Perf User 0379
perf_user_0380@eshop.local,Password123!,Perf User 0380
perf_user_0381@eshop.local,Password123!,Perf User 0381
perf_user_0382@eshop.local,Password123!,Perf User 0382
perf_user_0383@eshop.local,Password123!,Perf User 0383
perf_user_0384@eshop.local,Password123!,Perf User 0384
perf_user_0385@eshop.local,Password123!,Perf User 0385
perf_user_0386@eshop.local,Password123!,Perf User 0386
perf_user_0387@eshop.local,Password123!,Perf User 0387
perf_user_0388@eshop.local,Password123!,Perf User 0388
perf_user_0389@eshop.local,Password123!,Perf User 0389
perf_user_0390@eshop.local,Password123!,Perf User 0390
perf_user_0391@eshop.local,Password123!,Perf User 0391
perf_user_0392@eshop.local,Password123!,Perf User 0392
perf_user_0393@eshop.local,Password123!,Perf User 0393
perf_user_0394@eshop.local,Password123!,Perf User 0394
perf_user_0395@eshop.local,Password123!,Perf User 0395
perf_user_0396@eshop.local,Password123!,Perf User 0396
perf_user_0397@eshop.local,Password123!,Perf User 0397
perf_user_0398@eshop.local,Password123!,Perf User 0398
perf_user_0399@eshop.local,Password123!,Perf User 0399
perf_user_0400@eshop.local,Password123!,Perf User 0400
perf_user_0401@eshop.local,Password123!,Perf User 0401
perf_user_0402@eshop.local,Password123!,Perf User 0402
perf_user_0403@eshop.local,Password123!,Perf User 0403
perf_user_0404@eshop.local,Password123!,Perf User 0404
perf_user_0405@eshop.local,Password123!,Perf User 0405
perf_user_0406@eshop.local,Password123!,Perf User 0406
perf_user_0407@eshop.local,Password123!,Perf User 0407
perf_user_0408@eshop.local,Password123!,Perf User 0408
perf_user_0409@eshop.local,Password123!,Perf User 0409
perf_user_0410@eshop.local,Password123!,Perf User 0410
perf_user_0411@eshop.local,Password123!,Perf User 0411
perf_user_0412@eshop.local,Password123!,Perf User 0412
perf_user_0413@eshop.local,Password123!,Perf User 0413
perf_user_0414@eshop.local,Password123!,Perf User 0414
perf_user_0415@eshop.local,Password123!,Perf User 0415
perf_user_0416@eshop.local,Password123!,Perf User 0416
perf_user_0417@eshop.local,Password123!,Perf User 0417
perf_user_0418@eshop.local,Password123!,Perf User 0418
perf_user_0419@eshop.local,Password123!,Perf User 0419
perf_user_0420@eshop.local,Password123!,Perf User 0420
perf_user_0421@eshop.local,Password123!,Perf User 0421
perf_user_0422@eshop.local,Password123!,Perf User 0422
perf_user_0423@eshop.local,Password123!,Perf User 0423
perf_user_0424@eshop.local,Password123!,Perf User 0424
perf_user_0425@eshop.local,Password123!,Perf User 0425
perf_user_0426@eshop.local,Password123!,Perf User 0426
perf_user_0427@eshop.local,Password123!,Perf User 0427
perf_user_0428@eshop.local,Password123!,Perf User 0428
perf_user_0429@eshop.local,Password123!,Perf User 0429
perf_user_0430@eshop.local,Password123!,Perf User 0430
perf_user_0431@eshop.local,Password123!,Perf User 0431
perf_user_0432@eshop.local,Password123!,Perf User 0432
perf_user_0433@eshop.local,Password123!,Perf User 0433
perf_user_0434@eshop.local,Password123!,Perf User 0434
perf_user_0435@eshop.local,Password123!,Perf User 0435
perf_user_0436@eshop.local,Password123!,Perf User 0436
perf_user_0437@eshop.local,Password123!,Perf User 0437
perf_user_0438@eshop.local,Password123!,Perf User 0438
perf_user_0439@eshop.local,Password123!,Perf User 0439
perf_user_0440@eshop.local,Password123!,Perf User 0440
perf_user_0441@eshop.local,Password123!,Perf User 0441
perf_user_0442@eshop.local,Password123!,Perf User 0442
perf_user_0443@eshop.local,Password123!,Perf User 0443
perf_user_0444@eshop.local,Password123!,Perf User 0444
perf_user_0445@eshop.local,Password123!,Perf User 0445
perf_user_0446@eshop.local,Password123!,Perf User 0446
perf_user_0447@eshop.local,Password123!,Perf User 0447
perf_user_0448@eshop.local,Password123!,Perf User 0448
perf_user_0449@eshop.local,Password123!,Perf User 0449
perf_user_0450@eshop.local,Password123!,Perf User 0450
perf_user_0451@eshop.local,Password123!,Perf User 0451
perf_user_0452@eshop.local,Password123!,Perf User 0452
perf_user_0453@eshop.local,Password123!,Perf User 0453
perf_user_0454@eshop.local,Password123!,Perf User 0454
perf_user_0455@eshop.local,Password123!,Perf User 0455
perf_user_0456@eshop.local,Password123!,Perf User 0456
perf_user_0457@eshop.local,Password123!,Perf User 0457
perf_user_0458@eshop.local,Password123!,Perf User 0458
perf_user_0459@eshop.local,Password123!,Perf User 0459
perf_user_0460@eshop.local,Password123!,Perf User 0460
perf_user_0461@eshop.local,Password123!,Perf User 0461
perf_user_0462@eshop.local,Password123!,Perf User 0462
perf_user_0463@eshop.local,Password123!,Perf User 0463
perf_user_0464@eshop.local,Password123!,Perf User 0464
perf_user_0465@eshop.local,Password123!,Perf User 0465
perf_user_0466@eshop.local,Password123!,Perf User 0466
perf_user_0467@eshop.local,Password123!,Perf User 0467
perf_user_0468@eshop.local,Password123!,Perf User 0468
perf_user_0469@eshop.local,Password123!,Perf User 0469
perf_user_0470@eshop.local,Password123!,Perf User 0470
perf_user_0471@eshop.local,Password123!,Perf User 0471
perf_user_0472@eshop.local,Password123!,Perf User 0472
perf_user_0473@eshop.local,Password123!,Perf User 0473
perf_user_0474@eshop.local,Password123!,Perf User 0474
perf_user_0475@eshop.local,Password123!,Perf User 0475
perf_user_0476@eshop.local,Password123!,Perf User 0476
perf_user_0477@eshop.local,Password123!,Perf User 0477
perf_user_0478@eshop.local,Password123!,Perf User 0478
perf_user_0479@eshop.local,Password123!,Perf User 0479
perf_user_0480@eshop.local,Password123!,Perf User 0480
perf_user_0481@eshop.local,Password123!,Perf User 0481
perf_user_0482@eshop.local,Password123!,Perf User 0482
perf_user_0483@eshop.local,Password123!,Perf User 0483
perf_user_0484@eshop.local,Password123!,Perf User 0484
perf_user_0485@eshop.local,Password123!,Perf User 0485
perf_user_0486@eshop.local,Password123!,Perf User 0486
perf_user_0487@eshop.local,Password123!,Perf User 0487
perf_user_0488@eshop.local,Password123!,Perf User 0488
perf_user_0489@eshop.local,Password123!,Perf User 0489
perf_user_0490@eshop.local,Password123!,Perf User 0490
perf_user_0491@eshop.local,Password123!,Perf User 0491
perf_user_0492@eshop.local,Password123!,Perf User 0492
perf_user_0493@eshop.local,Password123!,Perf User 0493
perf_user_0494@eshop.local,Password123!,Perf User 0494
perf_user_0495@eshop.local,Password123!,Perf User 0495
perf_user_0496@eshop.local,Password123!,Perf User 0496
perf_user_0497@eshop.local,Password123!,Perf User 0497
perf_user_0498@eshop.local,Password123!,Perf User 0498
perf_user_0499@eshop.local,Password123!,Perf User 0499
perf_user_0500@eshop.local,Password123!,Perf User 0500